https://www.ncei.noaa.gov/pub/data/uscrn/products/daily01/2015/?C=N;O=D
https://www.ncei.noaa.gov/pub/data/uscrn/products/daily01/2015/?C=M;O=A
https://www.ncei.noaa.gov/pub/data/uscrn/products/daily01/2015/?C=S;O=A
https://www.ncei.noaa.gov/pub/data/uscrn/products/daily01/2015/?C=D;O=A
https://www.ncei.noaa.gov/pub/data/uscrn/products/daily01/
https://www.ncei.noaa.gov/pub/data/uscrn/products/daily01/2015/CRND0103-2015-AK_Deadhorse_3_S.txt
https://www.ncei.noaa.gov/pub/data/uscrn/products/daily01/2015/CRND0103-2015-AK_Denali_27_N.txt
https://www.ncei.noaa.gov/pub/data/uscrn/products/daily01/2015/CRND0103-2015-AK_Fairbanks_11_NE.txt
https://www.ncei.noaa.gov/pub/data/uscrn/products/daily01/2015/CRND0103-2015-AK_Glennallen_64_N.txt
https://www.ncei.noaa.gov/pub/data/uscrn/products/daily01/2015/CRND0103-2015-AK_Gustavus_2_NE.txt
https://www.ncei.noaa.gov/pub/data/uscrn/products/daily01/2015/CRND0103-2015-AK_Ivotuk_1_NNE.txt
https://www.ncei.noaa.gov/pub/data/uscrn/products/daily01/2015/CRND0103-2015-AK_Kenai_29_ENE.txt
https://www.ncei.noaa.gov/pub/data/uscrn/products/daily01/2015/CRND0103-2015-AK_King_Salmon_42_SE.txt
https://www.ncei.noaa.gov/pub/data/uscrn/products/daily01/2015/CRND0103-2015-AK_Metlakatla_6_S.txt
https://www.ncei.noaa.gov/pub/data/uscrn/products/daily01/2015/CRND0103-2015-AK_Port_Alsworth_1_SW.txt
https://www.ncei.noaa.gov/pub/data/uscrn/products/daily01/2015/CRND0103-2015-AK_Red_Dog_Mine_3_SSW.txt
https://www.ncei.noaa.gov/pub/data/uscrn/products/daily01/2015/CRND0103-2015-AK_Ruby_44_ESE.txt
https://www.ncei.noaa.gov/pub/data/uscrn/products/daily01/2015/CRND0103-2015-AK_Sand_Point_1_ENE.txt
https://www.ncei.noaa.gov/pub/data/uscrn/products/daily01/2015/CRND0103-2015-AK_Selawik_28_E.txt
https://www.ncei.noaa.gov/pub/data/uscrn/products/daily01/2015/CRND0103-2015-AK_Sitka_1_NE.txt
https://www.ncei.noaa.gov/pub/data/uscrn/products/daily01/2015/CRND0103-2015-AK_St._Paul_4_NE.txt
https://www.ncei.noaa.gov/pub/data/uscrn/products/daily01/2015/CRND0103-2015-AK_Tok_70_SE.txt
https://www.ncei.noaa.gov/pub/data/uscrn/products/daily01/2015/CRND0103-2015-AK_Utqiagvik_formerly_Barrow_4_ENE.txt
https://www.ncei.noaa.gov/pub/data/uscrn/products/daily01/2015/CRND0103-2015-AL_Brewton_3_NNE.txt
https://www.ncei.noaa.gov/pub/data/uscrn/products/daily01/2015/CRND0103-2015-AL_Clanton_2_NE.txt
https://www.ncei.noaa.gov/pub/data/uscrn/products/daily01/2015/CRND0103-2015-AL_Courtland_2_WSW.txt
https://www.ncei.noaa.gov/pub/data/uscrn/products/daily01/2015/CRND0103-2015-AL_Cullman_3_ENE.txt
https://www.ncei.noaa.gov/pub/data/uscrn/products/daily01/2015/CRND0103-2015-AL_Fairhope_3_NE.txt
https://www.ncei.noaa.gov/pub/data/uscrn/products/daily01/2015/CRND0103-2015-AL_Gadsden_19_N.txt
https://www.ncei.noaa.gov/pub/data/uscrn/products/daily01/2015/CRND0103-2015-AL_Gainesville_2_NE.txt
https://www.ncei.noaa.gov/pub/data/uscrn/products/daily01/2015/CRND0103-2015-AL_Greensboro_2_WNW.txt
https://www.ncei.noaa.gov/pub/data/uscrn/products/daily01/2015/CRND0103-2015-AL_Highland_Home_2_S.txt
https://www.ncei.noaa.gov/pub/data/uscrn/products/daily01/2015/CRND0103-2015-AL_Muscle_Shoals_2_N.txt
https://www.ncei.noaa.gov/pub/data/uscrn/products/daily01/2015/CRND0103-2015-AL_Northport_2_S.txt
https://www.ncei.noaa.gov/pub/data/uscrn/products/daily01/2015/CRND0103-2015-AL_Russellville_4_SSE.txt
https://www.ncei.noaa.gov/pub/data/uscrn/products/daily01/2015/CRND0103-2015-AL_Scottsboro_2_NE.txt
https://www.ncei.noaa.gov/pub/data/uscrn/products/daily01/2015/CRND0103-2015-AL_Selma_6_SSE.txt
https://www.ncei.noaa.gov/pub/data/uscrn/products/daily01/2015/CRND0103-2015-AL_Selma_13_WNW.txt
https://www.ncei.noaa.gov/pub/data/uscrn/products/daily01/2015/CRND0103-2015-AL_Talladega_10_NNE.txt
https://www.ncei.noaa.gov/pub/data/uscrn/products/daily01/2015/CRND0103-2015-AL_Thomasville_2_S.txt
https://www.ncei.noaa.gov/pub/data/uscrn/products/daily01/2015/CRND0103-2015-AL_Troy_2_W.txt
https://www.ncei.noaa.gov/pub/data/uscrn/products/daily01/2015/CRND0103-2015-AL_Valley_Head_1_SSW.txt
https://www.ncei.noaa.gov/pub/data/uscrn/products/daily01/2015/CRND0103-2015-AR_Batesville_8_WNW.txt
https://www.ncei.noaa.gov/pub/data/uscrn/products/daily01/2015/CRND0103-2015-AZ_Elgin_5_S.txt
https://www.ncei.noaa.gov/pub/data/uscrn/products/daily01/2015/CRND0103-2015-AZ_Tucson_11_W.txt
https://www.ncei.noaa.gov/pub/data/uscrn/products/daily01/2015/CRND0103-2015-AZ_Williams_35_NNW.txt
https://www.ncei.noaa.gov/pub/data/uscrn/products/daily01/2015/CRND0103-2015-AZ_Yuma_27_ENE.txt
https://www.ncei.noaa.gov/pub/data/uscrn/products/daily01/2015/CRND0103-2015-CA_Bodega_6_WSW.txt
https://www.ncei.noaa.gov/pub/data/uscrn/products/daily01/2015/CRND0103-2015-CA_Fallbrook_5_NE.txt
https://www.ncei.noaa.gov/pub/data/uscrn/products/daily01/2015/CRND0103-2015-CA_Merced_23_WSW.txt
https://www.ncei.noaa.gov/pub/data/uscrn/products/daily01/2015/CRND0103-2015-CA_Redding_12_WNW.txt
https://www.ncei.noaa.gov/pub/data/uscrn/products/daily01/2015/CRND0103-2015-CA_Santa_Barbara_11_W.txt
https://www.ncei.noaa.gov/pub/data/uscrn/products/daily01/2015/CRND0103-2015-CA_Stovepipe_Wells_1_SW.txt
https://www.ncei.noaa.gov/pub/data/uscrn/products/daily01/2015/CRND0103-2015-CA_Yosemite_Village_12_W.txt
https://www.ncei.noaa.gov/pub/data/uscrn/products/daily01/2015/CRND0103-2015-CO_Boulder_14_W.txt
https://www.ncei.noaa.gov/pub/data/uscrn/products/daily01/2015/CRND0103-2015-CO_Cortez_8_SE.txt
https://www.ncei.noaa.gov/pub/data/uscrn/products/daily01/2015/CRND0103-2015-CO_Dinosaur_2_E.txt
https://www.ncei.noaa.gov/pub/data/uscrn/products/daily01/2015/CRND0103-2015-CO_La_Junta_17_WSW.txt
https://www.ncei.noaa.gov/pub/data/uscrn/products/daily01/2015/CRND0103-2015-CO_Montrose_11_ENE.txt
https://www.ncei.noaa.gov/pub/data/uscrn/products/daily01/2015/CRND0103-2015-CO_Nunn_7_NNE.txt
https://www.ncei.noaa.gov/pub/data/uscrn/products/daily01/2015/CRND0103-2015-FL_Everglades_City_5_NE.txt
https://www.ncei.noaa.gov/pub/data/uscrn/products/daily01/2015/CRND0103-2015-FL_Sebring_23_SSE.txt
https://www.ncei.noaa.gov/pub/data/uscrn/products/daily01/2015/CRND0103-2015-FL_Titusville_7_E.txt
https://www.ncei.noaa.gov/pub/data/uscrn/products/daily01/2015/CRND0103-2015-GA_Brunswick_23_S.txt
https://www.ncei.noaa.gov/pub/data/uscrn/products/daily01/2015/CRND0103-2015-GA_Newton_8_W.txt
https://www.ncei.noaa.gov/pub/data/uscrn/products/daily01/2015/CRND0103-2015-GA_Newton_11_SW.txt
https://www.ncei.noaa.gov/pub/data/uscrn/products/daily01/2015/CRND0103-2015-GA_Watkinsville_5_SSE.txt
https://www.ncei.noaa.gov/pub/data/uscrn/products/daily01/2015/CRND0103-2015-HI_Hilo_5_S.txt
https://www.ncei.noaa.gov/pub/data/uscrn/products/daily01/2015/CRND0103-2015-HI_Mauna_Loa_5_NNE.txt
https://www.ncei.noaa.gov/pub/data/uscrn/products/daily01/2015/CRND0103-2015-IA_Des_Moines_17_E.txt
https://www.ncei.noaa.gov/pub/data/uscrn/products/daily01/2015/CRND0103-2015-ID_Arco_17_SW.txt
https://www.ncei.noaa.gov/pub/data/uscrn/products/daily01/2015/CRND0103-2015-ID_Murphy_10_W.txt
https://www.ncei.noaa.gov/pub/data/uscrn/products/daily01/2015/CRND0103-2015-IL_Champaign_9_SW.txt
https://www.ncei.noaa.gov/pub/data/uscrn/products/daily01/2015/CRND0103-2015-IL_Shabbona_5_NNE.txt
https://www.ncei.noaa.gov/pub/data/uscrn/products/daily01/2015/CRND0103-2015-IN_Bedford_5_WNW.txt
https://www.ncei.noaa.gov/pub/data/uscrn/products/daily01/2015/CRND0103-2015-KS_Manhattan_6_SSW.txt
https://www.ncei.noaa.gov/pub/data/uscrn/products/daily01/2015/CRND0103-2015-KS_Oakley_19_SSW.txt
https://www.ncei.noaa.gov/pub/data/uscrn/products/daily01/2015/CRND0103-2015-KY_Bowling_Green_21_NNE.txt
https://www.ncei.noaa.gov/pub/data/uscrn/products/daily01/2015/CRND0103-2015-KY_Versailles_3_NNW.txt
https://www.ncei.noaa.gov/pub/data/uscrn/products/daily01/2015/CRND0103-2015-LA_Lafayette_13_SE.txt
https://www.ncei.noaa.gov/pub/data/uscrn/products/daily01/2015/CRND0103-2015-LA_Monroe_26_N.txt
https://www.ncei.noaa.gov/pub/data/uscrn/products/daily01/2015/CRND0103-2015-ME_Limestone_4_NNW.txt
https://www.ncei.noaa.gov/pub/data/uscrn/products/daily01/2015/CRND0103-2015-ME_Old_Town_2_W.txt
https://www.ncei.noaa.gov/pub/data/uscrn/products/daily01/2015/CRND0103-2015-MI_Chatham_1_SE.txt
https://www.ncei.noaa.gov/pub/data/uscrn/products/daily01/2015/CRND0103-2015-MI_Gaylord_9_SSW.txt
https://www.ncei.noaa.gov/pub/data/uscrn/products/daily01/2015/CRND0103-2015-MN_Goodridge_12_NNW.txt
https://www.ncei.noaa.gov/pub/data/uscrn/products/daily01/2015/CRND0103-2015-MN_Sandstone_6_W.txt
https://www.ncei.noaa.gov/pub/data/uscrn/products/daily01/2015/CRND0103-2015-MO_Chillicothe_22_ENE.txt
https://www.ncei.noaa.gov/pub/data/uscrn/products/daily01/2015/CRND0103-2015-MO_Joplin_24_N.txt
https://www.ncei.noaa.gov/pub/data/uscrn/products/daily01/2015/CRND0103-2015-MO_Salem_10_W.txt
https://www.ncei.noaa.gov/pub/data/uscrn/products/daily01/2015/CRND0103-2015-MS_Holly_Springs_4_N.txt
https://www.ncei.noaa.gov/pub/data/uscrn/products/daily01/2015/CRND0103-2015-MS_Newton_5_ENE.txt
https://www.ncei.noaa.gov/pub/data/uscrn/products/daily01/2015/CRND0103-2015-MT_Dillon_18_WSW.txt
https://www.ncei.noaa.gov/pub/data/uscrn/products/daily01/2015/CRND0103-2015-MT_Lewistown_42_WSW.txt
https://www.ncei.noaa.gov/pub/data/uscrn/products/daily01/2015/CRND0103-2015-MT_St._Mary_1_SSW.txt
https://www.ncei.noaa.gov/pub/data/uscrn/products/daily01/2015/CRND0103-2015-MT_Wolf_Point_29_ENE.txt
https://www.ncei.noaa.gov/pub/data/uscrn/products/daily01/2015/CRND0103-2015-MT_Wolf_Point_34_NE.txt
https://www.ncei.noaa.gov/pub/data/uscrn/products/daily01/2015/CRND0103-2015-NC_Asheville_8_SSW.txt
https://www.ncei.noaa.gov/pub/data/uscrn/products/daily01/2015/CRND0103-2015-NC_Asheville_13_S.txt
https://www.ncei.noaa.gov/pub/data/uscrn/products/daily01/2015/CRND0103-2015-NC_Durham_11_W.txt
https://www.ncei.noaa.gov/pub/data/uscrn/products/daily01/2015/CRND0103-2015-ND_Jamestown_38_WSW.txt
https://www.ncei.noaa.gov/pub/data/uscrn/products/daily01/2015/CRND0103-2015-ND_Medora_7_E.txt
https://www.ncei.noaa.gov/pub/data/uscrn/products/daily01/2015/CRND0103-2015-ND_Northgate_5_ESE.txt
https://www.ncei.noaa.gov/pub/data/uscrn/products/daily01/2015/CRND0103-2015-NE_Harrison_20_SSE.txt
https://www.ncei.noaa.gov/pub/data/uscrn/products/daily01/2015/CRND0103-2015-NE_Lincoln_8_ENE.txt
https://www.ncei.noaa.gov/pub/data/uscrn/products/daily01/2015/CRND0103-2015-NE_Lincoln_11_SW.txt
https://www.ncei.noaa.gov/pub/data/uscrn/products/daily01/2015/CRND0103-2015-NE_Whitman_5_ENE.txt
https://www.ncei.noaa.gov/pub/data/uscrn/products/daily01/2015/CRND0103-2015-NH_Durham_2_N.txt
https://www.ncei.noaa.gov/pub/data/uscrn/products/daily01/2015/CRND0103-2015-NH_Durham_2_SSW.txt
https://www.ncei.noaa.gov/pub/data/uscrn/products/daily01/2015/CRND0103-2015-NM_Las_Cruces_20_N.txt
https://www.ncei.noaa.gov/pub/data/uscrn/products/daily01/2015/CRND0103-2015-NM_Los_Alamos_13_W.txt
https://www.ncei.noaa.gov/pub/data/uscrn/products/daily01/2015/CRND0103-2015-NM_Socorro_20_N.txt
https://www.ncei.noaa.gov/pub/data/uscrn/products/daily01/2015/CRND0103-2015-NV_Baker_5_W.txt
https://www.ncei.noaa.gov/pub/data/uscrn/products/daily01/2015/CRND0103-2015-NV_Denio_52_WSW.txt
https://www.ncei.noaa.gov/pub/data/uscrn/products/daily01/2015/CRND0103-2015-NV_Mercury_3_SSW.txt
https://www.ncei.noaa.gov/pub/data/uscrn/products/daily01/2015/CRND0103-2015-NY_Ithaca_13_E.txt
https://www.ncei.noaa.gov/pub/data/uscrn/products/daily01/2015/CRND0103-2015-NY_Millbrook_3_W.txt
https://www.ncei.noaa.gov/pub/data/uscrn/products/daily01/2015/CRND0103-2015-OH_Coshocton_8_NNE.txt
https://www.ncei.noaa.gov/pub/data/uscrn/products/daily01/2015/CRND0103-2015-OK_Goodwell_2_E.txt
https://www.ncei.noaa.gov/pub/data/uscrn/products/daily01/2015/CRND0103-2015-OK_Goodwell_2_SE.txt
https://www.ncei.noaa.gov/pub/data/uscrn/products/daily01/2015/CRND0103-2015-OK_Stillwater_2_W.txt
https://www.ncei.noaa.gov/pub/data/uscrn/products/daily01/2015/CRND0103-2015-OK_Stillwater_5_WNW.txt
https://www.ncei.noaa.gov/pub/data/uscrn/products/daily01/2015/CRND0103-2015-ON_Egbert_1_W.txt
https://www.ncei.noaa.gov/pub/data/uscrn/products/daily01/2015/CRND0103-2015-OR_Coos_Bay_8_SW.txt
https://www.ncei.noaa.gov/pub/data/uscrn/products/daily01/2015/CRND0103-2015-OR_Corvallis_10_SSW.txt
https://www.ncei.noaa.gov/pub/data/uscrn/products/daily01/2015/CRND0103-2015-OR_John_Day_35_WNW.txt
https://www.ncei.noaa.gov/pub/data/uscrn/products/daily01/2015/CRND0103-2015-OR_Riley_10_WSW.txt
https://www.ncei.noaa.gov/pub/data/uscrn/products/daily01/2015/CRND0103-2015-PA_Avondale_2_N.txt
https://www.ncei.noaa.gov/pub/data/uscrn/products/daily01/2015/CRND0103-2015-RI_Kingston_1_NW.txt
https://www.ncei.noaa.gov/pub/data/uscrn/products/daily01/2015/CRND0103-2015-RI_Kingston_1_W.txt
https://www.ncei.noaa.gov/pub/data/uscrn/products/daily01/2015/CRND0103-2015-SA_Tiksi_4_SSE.txt
https://www.ncei.noaa.gov/pub/data/uscrn/products/daily01/2015/CRND0103-2015-SC_Blackville_3_W.txt
https://www.ncei.noaa.gov/pub/data/uscrn/products/daily01/2015/CRND0103-2015-SC_McClellanville_7_NE.txt
https://www.ncei.noaa.gov/pub/data/uscrn/products/daily01/2015/CRND0103-2015-SD_Aberdeen_35_WNW.txt
https://www.ncei.noaa.gov/pub/data/uscrn/products/daily01/2015/CRND0103-2015-SD_Buffalo_13_ESE.txt
https://www.ncei.noaa.gov/pub/data/uscrn/products/daily01/2015/CRND0103-2015-SD_Pierre_24_S.txt
https://www.ncei.noaa.gov/pub/data/uscrn/products/daily01/2015/CRND0103-2015-SD_Sioux_Falls_14_NNE.txt
https://www.ncei.noaa.gov/pub/data/uscrn/products/daily01/2015/CRND0103-2015-TN_Crossville_7_NW.txt
https://www.ncei.noaa.gov/pub/data/uscrn/products/daily01/2015/CRND0103-2015-TX_Austin_33_NW.txt
https://www.ncei.noaa.gov/pub/data/uscrn/products/daily01/2015/CRND0103-2015-TX_Bronte_11_NNE.txt
https://www.ncei.noaa.gov/pub/data/uscrn/products/daily01/2015/CRND0103-2015-TX_Edinburg_17_NNE.txt
https://www.ncei.noaa.gov/pub/data/uscrn/products/daily01/2015/CRND0103-2015-TX_Monahans_6_ENE.txt
https://www.ncei.noaa.gov/pub/data/uscrn/products/daily01/2015/CRND0103-2015-TX_Muleshoe_19_S.txt
https://www.ncei.noaa.gov/pub/data/uscrn/products/daily01/2015/CRND0103-2015-TX_Palestine_6_WNW.txt
https://www.ncei.noaa.gov/pub/data/uscrn/products/daily01/2015/CRND0103-2015-TX_Panther_Junction_2_N.txt
https://www.ncei.noaa.gov/pub/data/uscrn/products/daily01/2015/CRND0103-2015-TX_Port_Aransas_32_NNE.txt
https://www.ncei.noaa.gov/pub/data/uscrn/products/daily01/2015/CRND0103-2015-UT_Brigham_City_28_WNW.txt
https://www.ncei.noaa.gov/pub/data/uscrn/products/daily01/2015/CRND0103-2015-UT_Torrey_7_E.txt
https://www.ncei.noaa.gov/pub/data/uscrn/products/daily01/2015/CRND0103-2015-VA_Cape_Charles_5_ENE.txt
https://www.ncei.noaa.gov/pub/data/uscrn/products/daily01/2015/CRND0103-2015-VA_Charlottesville_2_SSE.txt
https://www.ncei.noaa.gov/pub/data/uscrn/products/daily01/2015/CRND0103-2015-WA_Darrington_21_NNE.txt
https://www.ncei.noaa.gov/pub/data/uscrn/products/daily01/2015/CRND0103-2015-WA_Quinault_4_NE.txt
https://www.ncei.noaa.gov/pub/data/uscrn/products/daily01/2015/CRND0103-2015-WA_Spokane_17_SSW.txt
https://www.ncei.noaa.gov/pub/data/uscrn/products/daily01/2015/CRND0103-2015-WI_Necedah_5_WNW.txt
https://www.ncei.noaa.gov/pub/data/uscrn/products/daily01/2015/CRND0103-2015-WV_Elkins_21_ENE.txt
https://www.ncei.noaa.gov/pub/data/uscrn/products/daily01/2015/CRND0103-2015-WY_Lander_11_SSE.txt
https://www.ncei.noaa.gov/pub/data/uscrn/products/daily01/2015/CRND0103-2015-WY_Moose_1_NNE.txt
https://www.ncei.noaa.gov/pub/data/uscrn/products/daily01/2015/CRND0103-2015-WY_Sundance_8_NNW.txt
